tinyladybug600;female;1982;FI
organictiger870;female;1977;FI
smallduck755;male;1982;FI
ticklishmeercat524;male;1945;FI
greenelephant478;male;1983;FI
goldenostrich609;female;1962;FI
beautifulpanda565;female;1960;FI
organicfish637;male;1992;FI
lazycat853;female;1995;FI
bluerabbit904;male;1961;FI
yellowswan508;female;1950;FI
greentiger579;female;1975;FI
smalldog405;male;1993;FI
goldenleopard511;female;1994;FI
ticklishwolf699;male;1956;FI
purpleladybug313;male;1974;FI
ticklishmouse441;female;1991;FI
organicwolf254;male;1950;FI
yellowrabbit254;female;1983;FI
bigladybug403;female;1982;FI
orangeostrich886;male;1985;FI
orangecat442;female;1986;FI
organictiger548;male;1965;FI
yellowswan293;female;1986;FI
silverladybug160;male;1978;FI
organicbird957;male;1970;FI
beautifulbutterfly156;female;1959;FI
redgorilla101;male;1974;FI
ticklishbutterfly191;male;1964;FI
ticklishostrich828;male;1969;FI
heavymeercat149;female;1983;FI
silverelephant397;male;1956;FI
tinybear342;female;1991;FI
yellowpanda927;female;1992;FI
purplepeacock886;female;1980;FI
blackelephant775;female;1952;FI
bluebird617;male;1967;FI
beautifulcat104;female;1957;FI
beautifulbear405;male;1978;FI
yellowdog626;female;1982;FI
bigkoala509;female;1968;FI
redfish721;male;1990;FI
brownfrog444;female;1986;FI
bluefrog367;male;1966;FI
goldenpeacock655;male;1972;FI
greenelephant544;female;1976;FI
greenfish562;female;1987;FI
crazymouse327;male;1962;FI
tinyleopard433;male;1972;FI
organictiger642;female;1961;FI
redkoala472;female;1970;FI
organicduck647;female;1962;FI
ticklishladybug381;female;1982;FI
purplepanda958;male;1976;FI
whitepeacock721;female;1968;FI
organiclion675;female;1993;FI
blackladybug246;male;1962;FI
greensnake451;female;1948;FI
silverleopard389;male;1961;FI
beautifulbird723;male;1982;FI
orangegoose498;female;1957;FI
beautifulduck205;male;1964;FI
silverleopard844;female;1978;FI
smallgoose183;male;1994;FI
heavyrabbit311;female;1970;FI
bluekoala378;male;1972;FI
organicostrich271;male;1966;FI
greenlion457;male;1977;FI
tinylion381;male;1963;FI
orangebird655;female;1962;FI
greenostrich651;female;1983;FI
tinymeercat206;male;1961;FI
ticklishlion507;female;1954;FI
purplemouse915;male;1971;FI
lazygorilla861;male;1949;FI
smallpanda720;male;1954;FI
silverlion974;male;1983;FI
bigbear986;male;1980;FI
smallfish803;female;1963;FI
crazyfish286;female;1992;FI
organiclion970;female;1983;FI
lazyelephant162;female;1989;FI
beautifulfrog175;male;1986;FI
organicelephant348;female;1981;FI
goldenwolf250;female;1994;FI
orangekoala942;male;1967;FI
goldenfish287;male;1981;FI
redduck819;female;1974;FI
beautifulleopard616;male;1991;FI
redgorilla301;female;1968;FI
crazytiger165;male;1950;FI
bluelion717;male;1977;FI
heavygoose718;female;1947;FI
organickoala231;male;1962;FI
blueduck344;male;1994;FI
orangepeacock272;male;1945;FI
yellowmouse440;female;1969;FI
blackbird506;female;1967;FI
organicladybug543;male;1970;FI
purplemouse397;male;1973;FI
crazypeacock886;male;1952;FI
whitefish353;female;1974;FI
brownbear383;female;1992;FI
crazysnake354;female;1985;FI
bluefish987;male;1960;FI
bluewolf212;female;1946;FI
silverleopard943;female;1978;FI
ticklishrabbit978;female;1973;FI
ticklishelephant813;female;1960;FI
ticklishostrich372;female;1966;FI
ticklishduck525;female;1980;FI
ticklishbird614;male;1977;FI
greenrabbit141;male;1978;FI
orangebear985;male;1945;FI
smalllion383;female;1947;FI
goldenfish684;male;1953;FI
tinycat904;male;1945;FI
crazyladybug814;male;1977;FI
biglion623;male;1971;FI
heavydog165;male;1958;FI
lazyleopard308;female;1952;FI
silverpeacock873;female;1995;FI
beautifulpeacock139;male;1965;FI
blacklion411;male;1947;FI
ticklishdog173;female;1964;FI
whitekoala649;female;1948;FI
beautifulcat744;female;1975;FI
heavyostrich663;female;1951;FI
whiterabbit673;male;1957;FI
yellowfish528;male;1970;FI
smallduck495;female;1964;FI
purplewolf198;female;1983;FI
purplefish936;female;1958;FI
reddog385;female;1992;FI
tinylion885;male;1956;FI
ticklishelephant253;female;1990;FI
silverduck533;female;1961;FI
heavygoose209;female;1963;FI
whitefrog931;male;1951;FI
redostrich826;male;1954;FI
ticklishbutterfly274;male;1990;FI
redgoose310;male;1988;FI
purplesnake345;female;1946;FI
redkoala377;female;1948;FI
heavybird908;male;1969;FI
purplebird775;female;1977;FI
heavycat674;male;1955;FI
yellowgorilla527;male;1970;FI
tinyostrich943;male;1974;FI
beautifulrabbit946;male;1973;FI
blackwolf809;female;1991;FI
bigelephant132;female;1960;FI
beautifulmouse497;male;1960;FI
whitekoala271;male;1976;FI
organicleopard973;female;1978;FI
goldenfish336;male;1968;FI
smalldog619;male;1952;FI
silverpeacock890;male;1990;FI
whitepanda275;male;1980;FI
organicostrich460;male;1957;FI
crazypanda789;male;1977;FI
beautifulpanda733;male;1966;FI
greenpanda661;female;1960;FI
lazyelephant188;female;1959;FI
ticklishsnake752;female;1946;FI
orangebird650;male;1958;FI
smallostrich813;female;1955;FI
silverbutterfly181;male;1967;FI
orangesnake833;male;1971;FI
redpeacock775;male;1956;FI
redpeacock664;female;1953;FI
orangeelephant852;female;1989;FI
yellowmouse738;male;1987;FI
organickoala540;female;1981;FI
lazyrabbit506;male;1961;FI
orangegoose925;male;1967;FI
tinywolf767;male;1978;FI
biggorilla852;male;1962;FI
purplepeacock254;female;1961;FI
whitebutterfly961;female;1952;FI
greenlion855;female;1983;FI
lazycat334;male;1955;FI
heavypeacock787;female;1950;FI
greenfrog320;female;1977;FI
yellowfrog402;male;1958;FI
greenlion279;female;1964;FI
tinysnake271;male;1970;FI
bluewolf578;male;1988;FI
bluemouse498;female;1984;FI
blackswan565;male;1958;FI
blackgorilla197;male;1971;FI
lazyladybug253;male;1965;FI
greenbutterfly857;male;1944;FI
yellowcat403;male;1991;FI
smallrabbit405;male;1991;FI
goldenbear215;male;1977;FI
orangepeacock701;male;1965;FI
silverbear304;male;1964;FI
orangefish182;male;1958;FI
beautifulgorilla762;female;1970;FI
silverswan949;female;1972;ES
blackgoose385;female;1975;ES
redlion830;male;1957;ES
bluegorilla902;male;1987;ES
goldenduck782;male;1989;ES
purplelion943;male;1975;ES
organicostrich212;female;1961;ES
orangemeercat941;male;1985;ES
greenpanda820;male;1995;ES
beautifullion708;male;1949;ES
orangemeercat730;male;1957;ES
orangeostrich720;male;1979;ES
lazypanda342;male;1979;ES
greenmouse573;female;1958;ES
ticklishwolf453;female;1957;ES
tinypeacock268;female;1949;ES
goldenostrich510;female;1971;ES
bigmeercat872;female;1986;ES
ticklishrabbit515;female;1988;ES
purpleladybug147;female;1987;ES
heavyswan189;female;1988;ES
yellowgorilla546;female;1961;ES
lazypeacock666;female;1985;ES
brownduck124;female;1952;ES
yellowswan330;female;1970;ES
purplefish795;male;1956;ES
crazykoala144;female;1977;ES
goldenfish699;female;1955;ES
lazygorilla191;female;1948;ES
organicsnake321;male;1973;ES
lazypanda240;female;1967;ES
bluerabbit662;female;1994;ES
heavymeercat919;male;1963;ES
bigmouse526;female;1954;ES
purpleleopard754;male;1980;ES
beautifulcat297;male;1965;ES
goldencat635;male;1976;ES
ticklishbutterfly221;male;1949;ES
redwolf333;male;1983;ES
bluegorilla642;female;1973;ES
bigswan350;female;1950;ES
heavypeacock858;female;1981;ES
smallbutterfly196;male;1981;ES
heavyladybug224;female;1972;ES
goldenbird938;male;1950;ES
redwolf484;female;1988;ES
brownrabbit462;female;1991;ES
brownswan861;male;1970;ES
heavyswan399;male;1981;ES
heavytiger327;female;1961;ES
whitegoose825;male;1966;ES
goldenrabbit998;female;1968;ES
beautifulfish282;male;1963;ES
goldentiger661;male;1957;ES
silvermeercat884;male;1980;ES
silverfish115;male;1959;ES
silverladybug923;female;1957;ES
bigfish880;female;1981;ES
bluepeacock107;male;1971;ES
greenbird862;female;1958;ES
heavymouse985;female;1961;ES
purplewolf443;male;1947;ES
silverbird914;male;1955;ES
redfrog208;female;1951;ES
crazyladybug847;female;1955;ES
blueleopard863;male;1950;ES
heavykoala205;female;1985;ES
crazylion498;male;1956;ES
smallbutterfly585;female;1945;ES
bigsnake997;female;1993;ES
blackgorilla893;male;1967;ES
smallbear750;female;1971;ES
redbear803;female;1978;ES
brownostrich631;male;1980;ES
redelephant725;male;1988;ES
tinybear861;male;1945;ES
goldencat152;male;1987;ES
lazybird391;female;1985;ES
tinypeacock823;male;1970;ES
whiteduck196;male;1961;ES
organicbutterfly194;female;1955;ES
goldenmouse981;female;1958;ES
heavygorilla882;female;1995;ES
lazyfish310;male;1970;ES
orangedog748;male;1974;ES
tinyduck754;female;1949;ES
lazybear413;male;1947;ES
blackcat231;male;1945;ES
yellowmouse230;male;1990;ES
redgorilla235;female;1993;ES
blackmeercat666;male;1974;ES
yellowlion769;female;1982;ES
heavyrabbit121;male;1968;ES
biggoose401;male;1949;ES
redmouse610;female;1955;ES
ticklishmeercat503;male;1994;ES
redgorilla718;female;1984;ES
organicwolf204;female;1987;ES
silvermeercat250;male;1966;ES
tinyrabbit315;female;1960;ES
redsnake515;female;1973;ES
organicgoose598;male;1958;ES
whitekoala968;female;1977;ES
orangeelephant241;female;1994;ES
crazykoala302;female;1995;ES
whitebear121;male;1956;ES
bluemeercat151;female;1960;ES
yellowbutterfly256;male;1981;ES
bigsnake967;female;1970;ES
lazytiger403;female;1961;ES
ticklishtiger990;female;1967;ES
brownmeercat274;male;1967;ES
heavyfrog860;male;1972;ES
crazymeercat368;female;1956;ES
blackpeacock729;female;1977;ES
goldenbutterfly306;male;1982;ES
beautifulladybug488;male;1989;ES
orangesnake871;male;1993;ES
greenladybug493;female;1987;ES
silverswan843;female;1957;ES
redbutterfly461;female;1987;ES
heavyduck806;female;1986;ES
silverfish527;female;1976;ES
blackladybug339;female;1991;ES
greenbird175;female;1948;ES
heavyfish852;male;1950;ES
greenmeercat366;female;1959;ES
goldencat524;male;1970;ES
organicfish229;male;1978;ES
brownelephant909;male;1961;ES
purpleduck210;female;1971;ES
brownladybug679;female;1973;ES
organicpeacock432;female;1953;ES
ticklishladybug792;female;1967;ES
bigpeacock541;male;1969;ES
lazyduck538;male;1976;ES
blackladybug766;male;1982;ES
goldenfrog783;male;1985;ES
redleopard770;female;1960;ES
smallbutterfly426;male;1959;ES
beautifulrabbit658;female;1983;ES
silverladybug750;male;1951;ES
brownsnake770;male;1949;ES
bluepanda659;male;1950;ES
heavypanda243;female;1993;ES
bluepanda356;female;1964;ES
silverbear359;male;1958;ES
crazypanda775;female;1963;ES
heavyleopard208;female;1986;ES
bigrabbit241;male;1959;ES
ticklishtiger170;male;1984;ES
redswan210;male;1955;ES
crazytiger542;female;1967;ES
yellowbutterfly864;female;1954;ES
goldenmeercat367;male;1961;ES
crazyfish888;female;1955;ES
brownpanda241;male;1987;ES
crazyduck952;male;1968;ES
bigbear404;male;1962;ES
tinyswan852;female;1970;ES
redsnake819;female;1961;ES
whiterabbit505;male;1993;ES
lazykoala253;male;1959;ES
tinyrabbit586;female;1962;ES
tinyleopard377;male;1947;ES
whitefish206;male;1960;ES
bluebutterfly923;female;1982;ES
heavyrabbit635;female;1975;ES
orangeswan959;male;1957;ES
orangewolf227;male;1954;ES
yellowlion497;female;1956;ES
tinygorilla787;male;1993;ES
whiteostrich756;female;1975;ES
ticklishgorilla590;female;1975;ES
goldenswan390;female;1971;ES
organicbutterfly576;male;1954;ES
beautifulfrog277;male;1976;ES
tinymouse272;male;1984;ES
redduck443;male;1981;ES
bigduck549;male;1946;ES
smallbird139;female;1968;ES
organicostrich722;male;1980;ES
blueduck623;female;1948;ES
beautifulmouse181;male;1971;ES
beautifulmeercat582;male;1962;ES
lazyfrog801;male;1978;ES
redpanda898;female;1988;ES
lazyelephant787;female;1965;ES
redfish492;male;1965;ES
ticklishbear752;male;1956;ES
organictiger801;male;1993;ES
whiteleopard270;male;1965;ES
smalllion582;male;1977;ES
purpleduck957;male;1951;ES
beautifulgorilla383;male;1963;ES
tinyfrog858;male;1980;ES
ticklishleopard553;male;1954;ES
lazyswan118;male;1991;ES
lazyswan677;male;1962;ES
bigladybug354;female;1949;ES
bigmouse442;female;1984;NL
heavygorilla639;female;1953;NL
crazybear971;male;1959;NL
beautifulmeercat506;male;1980;NL
ticklishrabbit521;male;1944;NL
goldenkoala195;male;1956;NL
yellowwolf306;female;1975;NL
tinyswan217;male;1993;NL
browngoose834;female;1966;NL
tinyswan327;male;1956;NL
blueostrich945;female;1945;NL
yellowgorilla803;male;1951;NL
goldenkoala118;female;1961;NL
ticklishgorilla406;female;1995;NL
tinyelephant525;male;1985;NL
redsnake131;female;1954;NL
yellowleopard108;female;1962;NL
tinyladybug886;male;1947;NL
greenostrich447;male;1957;NL
smalllion949;female;1953;NL
redbird585;male;1947;NL
orangepeacock714;male;1953;NL
heavypanda506;male;1966;NL
blueswan849;female;1951;NL
orangegoose910;male;1945;NL
silverpeacock830;male;1957;NL
purplegoose349;female;1986;NL
yellowduck650;female;1990;NL
purplebird607;female;1964;NL
orangecat659;female;1972;NL
redswan472;male;1969;NL
organicgoose182;male;1966;NL
greenkoala325;female;1946;NL
beautifulswan649;female;1951;NL
goldentiger486;female;1961;NL
beautifulmouse848;female;1952;NL
blackcat885;male;1995;NL
tinygoose318;female;1987;NL
brownostrich639;male;1948;NL
orangerabbit711;male;1983;NL
smallpanda909;female;1972;NL
biggoose548;female;1972;NL
smallrabbit402;female;1954;NL
organicgoose550;male;1978;NL
goldengoose659;female;1978;NL
bigwolf322;male;1973;NL
organicmouse483;female;1995;NL
purpleleopard500;male;1960;NL
whiteostrich819;male;1969;NL
silverladybug829;male;1984;NL
bigbutterfly646;male;1972;NL
blackrabbit412;female;1995;NL
yellowbutterfly361;female;1986;NL
goldenduck229;male;1965;NL
ticklishrabbit560;female;1977;NL
crazymouse621;female;1983;NL
ticklishbear647;female;1978;NL
bigduck442;male;1974;NL
tinylion295;male;1954;NL
greenlion835;male;1960;NL
redmeercat103;male;1993;NL
silvermouse487;female;1992;NL
goldenfrog489;female;1994;NL
blueduck710;female;1965;NL
greenswan966;male;1975;NL
ticklishpeacock230;male;1975;NL
blackpeacock511;male;1965;NL
organicpanda912;male;1978;NL
beautifulbird440;male;1956;NL
ticklishgorilla233;male;1984;NL
heavyfrog771;female;1993;NL
goldenlion564;male;1977;NL
bluegorilla706;male;1970;NL
yellowleopard551;male;1954;NL
crazybutterfly370;male;1989;NL
lazykoala439;male;1961;NL
beautifulpanda713;male;1965;NL
brownduck629;female;1960;NL
greengoose682;female;1980;NL
purplepeacock802;female;1953;NL
whitefish150;male;1960;NL
heavyostrich572;female;1985;NL
bluebird172;female;1950;NL
bigsnake143;male;1963;NL
bigtiger342;male;1974;NL
redostrich779;male;1990;NL
lazygoose971;male;1955;NL
redwolf934;female;1965;NL
greenmouse191;female;1970;NL
greenladybug653;male;1972;NL
tinymeercat936;male;1972;NL
bigmouse317;male;1952;NL
organicsnake683;female;1964;NL
greenmouse243;male;1948;NL
silverdog921;male;1967;NL
goldentiger197;female;1979;NL
goldenfish365;male;1976;NL
whitegoose222;female;1995;NL
beautifulbutterfly886;male;1992;NL
organicleopard254;male;1991;NL
yellowelephant256;male;1984;NL
tinypeacock870;female;1976;NL
ticklishpeacock244;male;1992;NL
blackkoala993;female;1979;NL
redlion719;male;1963;NL
heavybutterfly271;male;1975;NL
whitebird337;male;1954;NL
beautifulbear275;female;1962;NL
smallelephant478;female;1955;NL
redduck580;male;1960;NL
redostrich587;male;1952;NL
purplebutterfly816;female;1947;NL
greenduck693;male;1965;NL
heavyladybug249;female;1973;NL
greenostrich421;male;1973;NL
blackrabbit246;female;1958;NL
greenbear560;female;1977;NL
whitebird554;female;1965;NL
whiteleopard816;male;1984;NL
blackmouse245;female;1955;NL
tinycat383;female;1987;NL
blueelephant332;female;1975;NL
purpleduck898;female;1962;NL
heavyswan382;female;1974;NL
tinyostrich908;male;1995;NL
redelephant275;female;1957;NL
greenostrich865;male;1947;NL
heavyostrich583;male;1993;NL
crazygoose298;male;1977;NL
purplewolf349;female;1945;NL
organicfish971;female;1974;NL
bigswan899;male;1994;NL
purpleswan761;male;1946;NL
crazymouse506;male;1962;NL
tinyfish388;male;1946;NL
organictiger999;male;1950;NL
heavylion489;male;1993;NL
silvermeercat731;male;1945;NL
whitefish745;female;1980;NL
tinymeercat374;male;1979;NL
orangeladybug877;female;1961;NL
brownduck251;female;1952;NL
smallelephant937;female;1951;NL
greenfrog541;female;1988;NL
blueleopard885;female;1968;NL
blackwolf509;female;1970;NL
redsnake306;male;1963;NL
lazyfish733;female;1992;NL
lazylion639;male;1964;NL
brownlion258;male;1969;NL
crazywolf947;female;1982;NL
goldenlion794;female;1977;NL
blacklion307;male;1978;NL
smallsnake132;female;1979;NL
brownswan172;female;1956;NL
lazygorilla505;female;1990;NL
yellowfish296;male;1946;NL
heavydog225;female;1954;NL
crazygorilla497;male;1962;NL
goldenkoala767;male;1956;NL
orangefish536;male;1949;NL
brownostrich955;female;1991;NL
redleopard504;male;1993;NL
heavylion545;female;1978;NL
silverswan352;male;1974;NL
brownbear852;male;1985;NL
crazykoala379;male;1956;NL
beautifulbear768;male;1953;NL
orangepeacock278;female;1983;NL
silverbear484;male;1981;NL
smallrabbit212;male;1981;NL
heavygoose429;female;1985;NL
tinyfrog387;male;1951;NL
tinywolf573;female;1976;NL
bluegorilla523;male;1946;NL
heavylion955;female;1955;NL
greenelephant943;male;1991;NL
redladybug315;male;1976;NL
lazysnake669;male;1979;NL
heavyostrich802;male;1985;NL
beautifulmeercat789;female;1976;NL
orangepeacock467;male;1951;NL
blackrabbit132;female;1971;NL
blackladybug211;female;1958;NL
goldenduck359;female;1982;NL
ticklishbear367;female;1988;NL
organicmeercat754;female;1962;NL
greengoose918;female;1945;NL
heavyostrich104;female;1961;NL
crazyfish672;male;1987;NL
lazydog261;female;1989;NL
ticklishcat186;male;1972;NL
yellowpanda738;male;1974;NL
bigkoala728;male;1982;NL
brownrabbit124;male;1992;NL
ticklishfrog375;female;1984;NL
silvergoose533;male;1986;NL
orangeduck500;male;1952;NL
tinyfrog240;male;1955;NL
redrabbit202;female;1977;NL
orangepanda525;male;1991;IR
blackkoala721;male;1956;IR
yellowcat713;female;1992;IR
organicbutterfly812;male;1961;IR
ticklishostrich911;female;1972;IR
blackmouse101;female;1971;IR
tinymouse176;male;1972;IR
goldenpeacock963;male;1954;IR
whitefrog685;male;1985;IR
bigrabbit188;female;1951;IR
smallgoose317;male;1952;IR
lazywolf251;male;1957;IR
purpleladybug977;female;1949;IR
browntiger425;female;1988;IR
orangemeercat475;male;1957;IR
lazycat361;female;1961;IR
beautifulelephant868;male;1947;IR
goldenbutterfly785;female;1989;IR
heavyleopard868;female;1995;IR
lazywolf460;female;1958;IR
beautifulbear230;female;1991;IR
heavybutterfly141;male;1946;IR
purpletiger297;female;1979;IR
purplekoala260;female;1960;IR
tinyladybug242;female;1944;IR
heavyelephant790;female;1991;IR
heavylion346;female;1950;IR
brownbird537;female;1970;IR
blueostrich506;male;1944;IR
heavybird431;female;1994;IR
tinybird563;female;1957;IR
redsnake911;female;1967;IR
yellowswan992;male;1967;IR
orangecat170;female;1957;IR
smallostrich137;female;1956;IR
ticklishostrich577;female;1991;IR
beautifulpanda105;female;1950;IR
smallbutterfly879;male;1987;IR
ticklishgoose864;female;1950;IR
tinyrabbit409;male;1985;IR
silverbear438;female;1982;IR
crazybutterfly682;female;1958;IR
crazygorilla238;male;1988;IR
smallpanda477;male;1945;IR
bigmeercat331;male;1951;IR
goldenduck773;female;1953;IR
smallostrich545;female;1951;IR
yellowleopard879;female;1959;IR
redswan301;male;1972;IR
goldensnake373;female;1948;IR
goldenmouse698;female;1988;IR
goldenwolf495;male;1972;IR
whitefrog650;male;1979;IR
tinybird512;female;1960;IR
heavylion617;male;1978;IR
blackladybug524;male;1950;IR
ticklishgoose816;male;1991;IR
silvercat705;male;1970;IR
greensnake115;female;1967;IR
purplegorilla710;female;1991;IR
yellowbutterfly284;female;1952;IR
tinysnake332;female;1988;IR
whiteleopard723;female;1945;IR
smallladybug493;female;1965;IR
yellowmeercat535;female;1969;IR
yellowkoala150;male;1973;IR
silverfish800;male;1952;IR
blueelephant812;male;1948;IR
crazyrabbit777;male;1966;IR
bigcat544;female;1990;IR
beautifulpanda550;female;1985;IR
bigdog301;female;1974;IR
silverleopard512;female;1989;IR
orangebear772;male;1990;IR
smallgoose678;female;1984;IR
smallrabbit454;male;1992;IR
beautifulelephant221;female;1957;IR
brownlion111;female;1969;IR
ticklishmeercat471;male;1955;IR
blacklion589;female;1951;IR
bluepeacock989;male;1965;IR
redgorilla459;female;1945;IR
yellowkoala950;female;1984;IR
greenostrich468;male;1965;IR
blackgorilla346;male;1970;IR
heavyswan755;female;1981;IR
purplecat941;female;1966;IR
heavypeacock637;female;1985;IR
smalltiger805;female;1967;IR
tinymeercat788;male;1973;IR
bluemouse227;female;1975;IR
yellowdog671;male;1973;IR
silvermeercat643;female;1978;IR
yellowwolf376;male;1956;IR
greenbutterfly232;male;1988;IR
silverbird552;female;1958;IR
beautifulbutterfly121;female;1970;IR
ticklishbutterfly952;female;1966;IR
goldenmouse340;male;1994;IR
tinyladybug281;female;1951;IR
purpleduck906;female;1962;IR
bluelion679;male;1969;IR
redmouse537;female;1989;IR
heavyswan776;male;1989;IR
orangeleopard361;female;1973;IR
greendog950;male;1988;IR
redtiger970;male;1978;IR
yellowsnake887;female;1975;IR
whiteswan619;female;1961;IR
silversnake784;male;1989;IR
crazyfish429;male;1983;IR
bluegorilla506;male;1989;IR
heavypanda496;female;1980;IR
crazyrabbit886;male;1971;IR
tinypanda523;female;1995;IR
greendog869;female;1977;IR
yellowladybug534;female;1957;IR
blackelephant636;female;1954;IR
ticklishgoose425;male;1961;IR
blackgoose416;male;1985;IR
crazybear707;male;1950;IR
whitebear547;male;1978;IR
silverbutterfly195;male;1966;IR
bigfrog494;female;1950;IR
yellowbird487;female;1977;IR
greenmouse521;female;1983;IR
heavyelephant500;male;1988;IR
redfrog412;female;1966;IR
smallladybug707;male;1993;IR
heavybear462;female;1955;IR
brownostrich662;female;1974;IR
beautifulcat881;female;1950;IR
silvergoose412;female;1945;IR
purpletiger484;male;1985;IR
smallmouse619;female;1977;IR
heavypeacock540;female;1976;IR
redfish907;male;1959;IR
tinyladybug401;female;1958;IR
smallkoala538;female;1965;IR
ticklishostrich509;male;1979;IR
blackmeercat430;female;1969;IR
beautifulelephant429;male;1993;IR
organicbird658;male;1987;IR
blackfish681;female;1945;IR
greenleopard809;male;1963;IR
biggorilla704;male;1946;IR
goldencat721;male;1978;IR
yellowwolf876;male;1983;IR
smallpanda880;female;1959;IR
greengoose573;female;1957;IR
heavypanda523;female;1963;IR
bluemouse502;female;1988;IR
greenelephant317;male;1981;IR
heavymouse383;female;1959;IR
organicostrich135;male;1951;IR
brownmeercat564;female;1979;IR
tinyfish754;male;1990;IR
beautifulbutterfly128;female;1953;IR
goldenbear189;female;1957;IR
blueostrich173;male;1960;IR
redmouse158;female;1975;IR
orangebear236;male;1951;IR
yellowsnake673;female;1962;IR
whitesnake895;male;1987;IR
greenfish635;male;1970;IR
purplebear918;female;1976;IR
greengorilla537;male;1992;IR
beautifulsnake957;male;1976;IR
ticklishladybug665;female;1954;IR
silverbutterfly819;female;1990;IR
lazylion884;male;1970;IR
bigpanda198;male;1968;IR
whitefish583;male;1984;IR
crazytiger909;male;1978;IR
organicleopard582;female;1953;IR
goldenrabbit468;female;1976;IR
tinylion443;female;1961;IR
tinyduck972;male;1953;IR
orangeelephant535;female;1990;IR
redladybug370;female;1947;IR
brownostrich390;male;1965;IR
goldenrabbit655;male;1972;IR
goldenlion733;male;1977;IR
blackbird464;female;1994;IR
tinysnake458;female;1973;IR
goldenpeacock672;female;1963;IR
greenmeercat994;male;1946;IR
orangebutterfly732;female;1991;IR
ticklishpeacock984;male;1992;IR
silverwolf433;female;1964;IR
heavymeercat912;male;1989;IR
orangemouse100;female;1958;IR
blackkoala691;male;1974;IR
ticklishswan788;female;1951;IR
lazybutterfly611;male;1973;IR
beautifulcat362;female;1986;IR
tinymouse641;female;1956;IR
blacksnake609;female;1950;IR
beautifulkoala765;male;1953;IR
yellowduck422;male;1983;IR
silverfish784;male;1979;IE
lazybird934;male;1948;IE
whiteduck373;male;1987;IE
goldenfish674;female;1962;IE
purplefish351;male;1979;IE
organicwolf977;male;1986;IE
greenmouse358;male;1971;IE
brownpeacock344;male;1967;IE
ticklishkoala263;male;1952;IE
browngorilla862;male;1965;IE
bluecat534;female;1952;IE
beautifulrabbit340;female;1953;IE
organicostrich119;male;1976;IE
organicgoose420;male;1960;IE
brownsnake319;female;1981;IE
ticklishrabbit174;male;1974;IE
browngorilla322;female;1948;IE
goldengoose125;female;1957;IE
smallwolf827;male;1950;IE
crazyladybug125;female;1949;IE
bigbird169;male;1977;IE
orangelion460;female;1981;IE
lazyelephant227;male;1976;IE
goldentiger625;male;1982;IE
goldengoose955;male;1992;IE
blueostrich933;male;1992;IE
ticklishfrog790;female;1984;IE
ticklishladybug341;female;1970;IE
bluesnake470;female;1984;IE
whiteladybug611;female;1971;IE
ticklishpanda613;male;1974;IE
smallbird362;female;1946;IE
brownpeacock745;female;1963;IE
brownladybug971;female;1976;IE
yellowbear833;male;1967;IE
lazypanda437;female;1982;IE
lazywolf185;male;1956;IE
smallcat654;male;1970;IE
redfish334;female;1978;IE
purplebear492;male;1946;IE
brownpanda787;female;1964;IE
blueostrich345;female;1981;IE
tinyrabbit737;male;1975;IE
blackwolf520;male;1982;IE
whitefish464;male;1960;IE
goldenladybug273;female;1956;IE
browndog868;male;1979;IE
crazytiger247;female;1975;IE
bigmeercat934;female;1985;IE
orangetiger609;male;1950;IE
beautifulleopard457;female;1973;IE
redbird374;male;1955;IE
organicmeercat800;male;1952;IE
brownpanda487;female;1958;IE
greensnake277;female;1976;IE
whitefish796;female;1975;IE
purplecat659;female;1994;IE
lazygoose489;male;1978;IE
greenostrich948;female;1972;IE
bluebutterfly103;female;1950;IE
yellowwolf886;male;1974;IE
lazylion560;female;1992;IE
goldenbutterfly293;male;1985;IE
silverlion693;female;1980;IE
blackkoala719;female;1982;IE
whitecat439;male;1987;IE
silvergorilla240;male;1982;IE
purplebird817;male;1956;IE
organicladybug729;male;1960;IE
organicbear113;female;1949;IE
crazysnake164;male;1961;IE
goldengorilla722;male;1978;IE
blackleopard704;male;1979;IE
smallbear285;male;1957;IE
bigfrog546;female;1993;IE
purplecat111;female;1960;IE
blackswan725;female;1945;IE
whitebird289;male;1993;IE
purplepeacock562;female;1946;IE
orangeostrich277;female;1962;IE
redsnake407;female;1993;IE
browngoose322;female;1944;IE
whiteostrich112;male;1953;IE
redbird773;male;1968;IE
bigfrog109;male;1995;IE
redwolf730;male;1987;IE
crazycat210;female;1987;IE
smallbutterfly431;female;1961;IE
whitetiger775;female;1980;IE
heavyostrich380;male;1969;IE
organicsnake951;female;1958;IE
brownkoala455;female;1969;IE
smallladybug303;female;1973;IE
orangetiger701;male;1970;IE
organicbear506;male;1969;IE
purplesnake151;male;1974;IE
yellowpanda621;male;1961;IE
bigpanda366;male;1955;IE
smallbird899;male;1959;IE
tinyladybug705;male;1987;IE
organicbear899;male;1974;IE
beautifulrabbit174;female;1977;IE
tinydog972;female;1956;IE
crazybird231;female;1948;IE
lazygorilla687;female;1979;IE
purplepeacock560;female;1968;IE
brownpanda624;male;1988;IE
silvertiger636;male;1986;IE
beautifulbird267;female;1960;IE
goldenkoala480;female;1966;IE
lazybear393;female;1947;IE
tinygoose605;male;1976;IE
bigpeacock264;male;1949;IE
purpleswan636;male;1972;IE
bluelion218;female;1994;IE
blackduck753;female;1957;IE
bluegoose929;female;1956;IE
heavyostrich556;male;1988;IE
crazyrabbit728;female;1994;IE
whitedog661;female;1983;IE
bigpanda621;female;1976;IE
heavytiger655;female;1966;IE
organicwolf916;female;1946;IE
goldenbutterfly102;female;1966;IE
yellowwolf775;male;1955;IE
organicbear341;female;1959;IE
goldenpanda257;female;1973;IE
organiccat476;female;1951;IE
yellowfrog683;male;1983;IE
goldenmeercat985;male;1955;IE
brownbear879;male;1959;IE
silverduck399;female;1944;IE
bluerabbit992;female;1968;IE
purplemeercat317;male;1948;IE
purplemeercat924;male;1976;IE
smallmouse280;male;1990;IE
purpledog199;male;1946;IE
beautifulfish111;female;1965;IE
lazycat223;female;1980;IE
blacksnake765;female;1983;IE
smallbutterfly181;female;1944;IE
ticklishfish401;male;1972;IE
bluebear118;male;1962;IE
whitedog969;female;1991;IE
heavydog389;female;1973;IE
bigkoala602;female;1978;IE
smallgoose813;female;1975;IE
goldendog324;male;1960;IE
redcat632;male;1995;IE
heavygoose968;male;1957;IE
biglion755;female;1985;IE
ticklishfish518;female;1958;IE
tinyfish129;male;1984;IE
greencat387;male;1986;IE
tinygoose445;female;1948;IE
biggorilla108;female;1989;IE
browngoose593;male;1968;IE
bigduck891;female;1984;IE
bluerabbit466;female;1954;IE
smalldog257;male;1974;IE
smallwolf477;male;1980;IE
smallleopard289;male;1978;IE
yellowkoala609;male;1984;IE
yellowladybug903;male;1969;IE
goldenkoala946;male;1980;IE
bigsnake131;female;1948;IE
heavypeacock703;female;1984;IE
bigostrich637;male;1982;IE
blacksnake123;male;1972;IE
blackfish272;female;1983;IE
bluegorilla472;female;1992;IE
organickoala251;female;1950;IE
silverlion655;male;1982;IE
greenostrich757;female;1977;IE
brownpeacock888;male;1982;IE
crazyleopard209;female;1994;IE
beautifulladybug115;female;1990;IE
bluetiger186;male;1968;IE
goldenostrich569;female;1967;IE
bluecat359;male;1953;IE
greenfish620;male;1948;IE
goldenfrog568;female;1950;IE
orangefish387;male;1978;IE
silvermouse159;female;1947;IE
silvercat222;male;1960;IE
heavydog174;female;1947;IE
heavykoala562;male;1950;IE
bigladybug350;male;1951;IE
yellowdog475;female;1960;IE
silvertiger715;female;1974;IE
heavymeercat523;female;1989;IE
lazykoala495;female;1954;IE
silverbear457;male;1965;IE
orangesnake130;female;1982;IE
silvertiger719;female;1957;IE
greenelephant724;male;1989;IE
beautifuldog827;male;1972;IE
whitegorilla409;female;1950;IE
goldenrabbit718;female;1966;IE
blackcat635;male;1971;IE
bigmouse853;male;1968;GB
smallelephant890;male;1981;GB
orangepeacock715;male;1990;GB
yellowbear157;male;1976;GB
goldengoose476;male;1992;GB
smallduck408;female;1946;GB
lazytiger370;male;1986;GB
tinypanda924;male;1958;GB
ticklishostrich996;male;1956;GB
whiteduck678;male;1959;GB
goldenladybug765;female;1959;GB
blueelephant400;male;1956;GB
beautifulostrich756;female;1988;GB
purpleswan490;female;1987;GB
silverkoala710;female;1957;GB
redelephant721;male;1953;GB
greenbird946;female;1965;GB
heavyleopard914;female;1987;GB
orangebear395;female;1978;GB
heavygorilla427;female;1947;GB
tinygorilla992;female;1986;GB
smalllion421;male;1952;GB
whitekoala123;male;1989;GB
blueladybug253;female;1977;GB
redfish808;male;1954;GB
orangewolf626;male;1981;GB
greenostrich372;male;1968;GB
brownkoala967;female;1955;GB
bigleopard769;male;1955;GB
crazykoala442;male;1979;GB
smallkoala104;female;1944;GB
bluefish934;female;1972;GB
greengoose881;female;1962;GB
heavyostrich742;female;1955;GB
ticklishcat353;male;1955;GB
brownlion929;male;1956;GB
silverleopard653;female;1989;GB
blueduck144;female;1984;GB
silverkoala221;female;1952;GB
redkoala601;female;1960;GB
brownduck250;female;1964;GB
bluewolf147;female;1982;GB
lazyleopard411;male;1952;GB
tinymouse698;female;1972;GB
crazybutterfly270;female;1963;GB
yellowleopard964;female;1952;GB
bigelephant820;female;1994;GB
heavytiger232;male;1958;GB
beautifulpanda458;male;1978;GB
goldenleopard540;female;1963;GB
bluegoose764;female;1962;GB
orangepanda671;female;1993;GB
yellowsnake859;female;1948;GB
orangebear908;female;1987;GB
orangepanda866;male;1971;GB
purpletiger655;female;1994;GB
lazylion902;female;1988;GB
smallrabbit511;female;1970;GB
orangepanda484;female;1978;GB
ticklishbutterfly138;female;1979;GB
blackwolf459;female;1975;GB
whitegoose974;female;1953;GB
blackgoose517;female;1972;GB
brownswan434;female;1959;GB
crazybear822;male;1952;GB
greenfish866;female;1989;GB
greenladybug859;male;1969;GB
smallladybug336;female;1977;GB
goldenpanda962;female;1959;GB
browncat612;female;1977;GB
orangefrog778;male;1981;GB
silverleopard999;female;1964;GB
greengorilla598;female;1952;GB
redpeacock163;female;1949;GB
bluemouse997;female;1965;GB
organicswan855;female;1987;GB
browngoose592;female;1946;GB
organicladybug836;female;1989;GB
crazyostrich826;male;1953;GB
whitemouse830;male;1974;GB
ticklishladybug927;female;1988;GB
goldenkoala432;female;1968;GB
crazycat795;male;1991;GB
silvermouse504;male;1946;GB
yellowrabbit200;male;1964;GB
redmouse103;male;1953;GB
brownfish337;male;1983;GB
brownmouse186;female;1968;GB
ticklishkoala941;female;1953;GB
yellowsnake990;male;1967;GB
organicbutterfly425;male;1957;GB
blacktiger269;male;1959;GB
bluesnake439;female;1989;GB
bluetiger853;female;1970;GB
smallrabbit433;female;1973;GB
organicbear318;male;1966;GB
crazyfish388;female;1959;GB
ticklishostrich705;female;1987;GB
purplebutterfly859;female;1992;GB
beautifulbird922;male;1961;GB
tinykoala687;male;1969;GB
heavylion116;female;1951;GB
bigrabbit259;female;1989;GB
goldenduck531;female;1962;GB
ticklishbear893;female;1959;GB
brownpeacock672;male;1955;GB
greencat436;female;1991;GB
blackbird753;male;1987;GB
orangebutterfly760;female;1987;GB
whiterabbit673;female;1987;GB
blueelephant716;male;1966;GB
organiccat543;male;1956;GB
greenpanda328;female;1960;GB
brownfrog746;female;1948;GB
silvermeercat695;female;1964;GB
crazyladybug227;female;1974;GB
bluelion121;male;1992;GB
goldenladybug706;male;1970;GB
heavycat924;male;1952;GB
purpletiger362;male;1991;GB
ticklishsnake463;female;1973;GB
beautifulmeercat542;male;1973;GB
bigcat573;male;1969;GB
goldenostrich145;male;1988;GB
crazypeacock672;female;1971;GB
tinyladybug884;female;1966;GB
blueduck450;male;1969;GB
organicgoose787;female;1977;GB
organicmeercat570;female;1963;GB
orangeleopard130;female;1972;GB
crazyelephant112;female;1956;GB
redsnake956;female;1952;GB
purplemeercat253;female;1968;GB
biglion384;female;1987;GB
beautifulmouse543;male;1954;GB
greenfrog402;male;1992;GB
heavybird414;female;1989;GB
brownsnake288;female;1945;GB
smallwolf766;female;1964;GB
ticklishladybug196;male;1953;GB
greenkoala879;female;1966;GB
tinymeercat342;female;1971;GB
bigbear986;male;1951;GB
goldenmouse262;female;1986;GB
heavymouse138;female;1973;GB
redbutterfly432;female;1945;GB
organicpanda811;male;1970;GB
goldenfrog397;female;1946;GB
lazyostrich591;female;1959;GB
tinycat495;female;1982;GB
organictiger411;male;1947;GB
organicpeacock721;female;1967;GB
beautifultiger389;female;1969;GB
heavyfrog673;female;1952;GB
blackrabbit740;male;1973;GB
orangeswan805;female;1965;GB
ticklishbear916;male;1973;GB
blackwolf381;female;1979;GB
redbear472;male;1991;GB
bigdog340;female;1972;GB
tinyrabbit488;female;1989;GB
whiteelephant518;female;1974;GB
ticklishsnake519;female;1945;GB
redsnake957;female;1967;GB
blackrabbit762;male;1995;GB
blackfish495;female;1955;GB
tinysnake992;male;1975;GB
silverpeacock651;male;1972;GB
whiteleopard969;female;1955;GB
crazygoose319;female;1986;GB
smallladybug333;female;1984;GB
tinyswan805;male;1990;GB
bluebear485;female;1954;GB
brownladybug717;female;1952;GB
heavypeacock437;female;1953;GB
beautifulbear369;male;1987;GB
goldenduck789;female;1971;GB
ticklishelephant146;male;1950;GB
purplerabbit494;male;1968;GB
bluecat546;male;1948;GB
orangebird970;male;1981;GB
crazybird188;female;1985;GB
smallleopard607;female;1994;GB
redpeacock296;male;1957;GB
whiteswan141;female;1995;GB
crazybear953;male;1974;GB
beautifulgorilla685;female;1965;GB
purpletiger148;female;1969;GB
orangeelephant108;female;1977;GB
heavygorilla490;female;1982;GB
greenkoala117;male;1951;GB
bigbear889;female;1967;GB
whitepeacock127;male;1971;GB
greenostrich715;female;1962;GB
smallpeacock175;male;1992;GB
yellowswan326;female;1949;GB
crazydog455;male;1991;GB
blueelephant264;female;1957;GB
purplemouse826;male;1994;GB
silverelephant682;male;1980;GB
bigleopard536;female;1965;TR
whitewolf319;female;1983;TR
beautifulleopard516;male;1962;TR
beautifulwolf288;male;1967;TR
whitemeercat936;female;1970;TR
tinybear445;female;1975;TR
silverbird255;female;1975;TR
yellowgoose363;male;1975;TR
purplefish126;female;1957;TR
yellowcat489;female;1966;TR
redgorilla710;male;1979;TR
brownswan292;male;1982;TR
bluelion628;female;1947;TR
organicmouse247;male;1978;TR
yellowtiger612;female;1968;TR
brownelephant808;male;1974;TR
tinyostrich632;female;1968;TR
beautifulrabbit272;male;1963;TR
whitekoala620;female;1992;TR
ticklishgoose394;male;1947;TR
bigbird500;female;1983;TR
silverduck219;male;1957;TR
purplewolf904;female;1949;TR
bigbear563;male;1944;TR
organicdog297;male;1952;TR
smalldog288;male;1955;TR
tinysnake222;female;1960;TR
redmouse571;female;1974;TR
heavyleopard718;female;1946;TR
greenmouse949;female;1991;TR
yellowmouse747;female;1956;TR
goldenfrog147;male;1978;TR
beautifulduck230;male;1948;TR
bigelephant806;female;1961;TR
purplelion112;male;1990;TR
beautifulostrich850;female;1984;TR
tinyfish164;female;1959;TR
organicduck341;male;1978;TR
ticklishduck683;female;1962;TR
organickoala621;male;1994;TR
whitecat778;male;1947;TR
orangepanda434;female;1972;TR
beautifulwolf288;male;1988;TR
organicpanda335;male;1972;TR
silverrabbit500;male;1984;TR
organicfish992;female;1953;TR
greenpeacock880;female;1994;TR
purpleduck271;male;1962;TR
ticklishostrich774;male;1976;TR
ticklishrabbit449;female;1949;TR
lazygorilla606;female;1990;TR
orangemouse688;female;1980;TR
goldenlion845;male;1945;TR
lazytiger713;female;1954;TR
yellowtiger887;female;1944;TR
yellowlion167;male;1945;TR
blueladybug821;male;1946;TR
orangewolf182;male;1947;TR
tinybear987;female;1992;TR
tinyleopard442;female;1985;TR
ticklishpeacock353;female;1963;TR
ticklishrabbit304;male;1992;TR
blackgoose493;female;1978;TR
ticklishgorilla999;male;1993;TR
beautifulrabbit528;male;1986;TR
organicfish411;female;1974;TR
yellowgorilla166;female;1979;TR
bluepanda477;male;1967;TR
beautifulladybug209;male;1974;TR
blackleopard659;male;1952;TR
bigtiger725;male;1992;TR
brownfrog821;female;1990;TR
beautifullion576;male;1977;TR
brownlion132;female;1979;TR
ticklishduck992;male;1955;TR
reddog715;female;1984;TR
ticklishfrog685;female;1966;TR
tinylion450;male;1979;TR
brownelephant764;female;1978;TR
greendog302;male;1955;TR
heavybear946;male;1968;TR
browngoose982;male;1960;TR
ticklishelephant289;male;1965;TR
bluekoala576;male;1962;TR
goldenrabbit904;male;1984;TR
heavybird278;male;1979;TR
blackcat914;male;1958;TR
yellowpeacock638;female;1975;TR
greengoose774;male;1979;TR
lazyduck306;male;1977;TR
greenbutterfly659;male;1982;TR
lazypeacock973;male;1981;TR
purpledog312;female;1949;TR
lazybutterfly549;female;1966;TR
yellowbird720;male;1988;TR
bluecat187;male;1946;TR
redlion508;male;1955;TR
organicswan965;female;1971;TR
tinyduck337;male;1961;TR
silverrabbit792;female;1971;TR
beautifulrabbit480;male;1975;TR
redgoose549;male;1980;TR
yellowmeercat187;male;1964;TR
purpledog926;female;1950;TR
organiccat612;female;1994;TR
organicbird272;male;1966;TR
beautifulfish610;female;1989;TR
biggorilla223;male;1974;TR
ticklishostrich714;female;1976;TR
bluebear233;male;1977;TR
organicpeacock464;female;1992;TR
bluefrog300;male;1962;TR
bigcat703;female;1948;TR
goldenkoala347;female;1952;TR
yellowduck727;female;1947;TR
yellowwolf845;male;1946;TR
ticklishwolf139;female;1989;TR
bigfish834;male;1953;TR
brownmeercat647;male;1963;TR
goldendog707;female;1988;TR
lazylion684;male;1969;TR
orangebear912;male;1959;TR
bluesnake564;female;1972;TR
brownmouse816;male;1986;TR
smallgorilla937;male;1954;TR
beautifulsnake501;female;1979;TR
tinydog670;male;1951;TR
greenostrich311;female;1990;TR
heavylion140;female;1968;TR
bluebutterfly264;male;1972;TR
heavyduck901;female;1958;TR
purpleostrich590;male;1953;TR
silverpeacock355;male;1975;TR
greengoose245;male;1982;TR
bigelephant771;male;1968;TR
lazyladybug403;female;1952;TR
organictiger561;male;1961;TR
smallfrog479;male;1992;TR
organicswan201;male;1984;TR
smallbird500;male;1961;TR
whitefish200;male;1965;TR
bluerabbit259;female;1959;TR
orangeduck348;male;1958;TR
heavygoose706;male;1979;TR
whitedog676;male;1983;TR
heavyostrich121;male;1984;TR
beautifulswan348;male;1962;TR
whitegoose821;female;1957;TR
lazydog481;male;1992;TR
ticklishladybug311;female;1994;TR
goldenfrog136;male;1949;TR
smallswan477;male;1952;TR
organicgoose824;male;1975;TR
smallostrich534;female;1990;TR
orangesnake725;female;1953;TR
crazylion250;female;1958;TR
purplewolf854;female;1986;TR
whitekoala946;female;1981;TR
bigrabbit124;female;1991;TR
ticklishelephant390;male;1982;TR
lazypeacock790;male;1946;TR
heavylion645;male;1949;TR
tinyostrich595;male;1949;TR
greenpeacock514;female;1975;TR
smallladybug399;female;1971;TR
goldenbutterfly124;male;1954;TR
ticklishfish803;male;1966;TR
goldenfrog991;female;1969;TR
blackostrich929;male;1950;TR
goldenwolf572;male;1988;TR
bigelephant528;male;1992;TR
beautifulfrog240;male;1950;TR
redmouse299;male;1955;TR
ticklishmouse920;male;1951;TR
brownmouse530;male;1955;TR
bluebird168;female;1958;TR
ticklishpeacock604;female;1977;TR
redcat260;male;1978;TR
purpleleopard866;female;1983;TR
bigkoala915;male;1981;TR
orangepeacock140;male;1991;TR
bigtiger131;male;1969;TR
orangefrog105;male;1970;TR
smalllion875;female;1981;TR
brownfrog111;female;1952;TR
redsnake520;female;1956;TR
heavyelephant716;female;1976;TR
silverpanda527;female;1994;TR
lazyelephant103;female;1947;TR
whitepeacock168;female;1980;TR
purplepanda263;male;1995;TR
yellowelephant860;male;1976;TR
crazysnake804;female;1981;TR
bluefrog823;female;1992;TR
orangewolf279;female;1951;TR
crazyleopard297;male;1982;TR
organicswan245;male;1988;TR
ticklishmeercat358;female;1946;TR
beautifullion178;male;1984;TR
crazymouse643;male;1974;TR
organicgoose233;male;1951;NZ
crazykoala694;female;1972;NZ
purplepanda461;male;1968;NZ
redladybug429;male;1972;NZ
organicduck885;female;1986;NZ
orangebutterfly161;female;1975;NZ
purpletiger884;female;1956;NZ
brownlion918;female;1951;NZ
crazyladybug114;male;1957;NZ
lazybutterfly367;male;1960;NZ
whitebutterfly566;male;1993;NZ
crazycat559;male;1973;NZ
yellowpeacock867;female;1978;NZ
ticklishfrog344;male;1964;NZ
smalltiger201;male;1988;NZ
crazyrabbit351;female;1991;NZ
browncat565;female;1993;NZ
ticklishladybug595;male;1967;NZ
blueleopard727;male;1947;NZ
tinyelephant792;male;1972;NZ
yellowkoala130;male;1979;NZ
lazycat729;female;1963;NZ
brownleopard689;female;1955;NZ
organicgorilla703;male;1985;NZ
ticklishleopard372;female;1976;NZ
silverbear680;female;1977;NZ
heavydog634;female;1951;NZ
blackgoose831;female;1976;NZ
ticklishmouse674;female;1981;NZ
ticklishgoose990;female;1956;NZ
heavymouse586;male;1953;NZ
greenswan471;male;1960;NZ
lazywolf922;female;1984;NZ
heavybear962;female;1945;NZ
lazyelephant254;female;1971;NZ
yellowgoose646;male;1982;NZ
ticklishswan826;female;1963;NZ
whiteelephant932;male;1990;NZ
orangekoala798;male;1950;NZ
brownmeercat808;female;1968;NZ
smallgoose757;female;1977;NZ
whitepanda500;male;1961;NZ
beautifulkoala155;male;1961;NZ
orangekoala881;male;1948;NZ
whitecat126;female;1958;NZ
bluemouse678;female;1985;NZ
smallmeercat202;female;1960;NZ
orangebird849;male;1972;NZ
yellowbear957;female;1967;NZ
tinyrabbit245;female;1967;NZ
orangegoose410;female;1951;NZ
smallgoose546;female;1962;NZ
bigladybug263;male;1992;NZ
redkoala230;male;1970;NZ
redduck736;male;1970;NZ
lazybird946;male;1957;NZ
whitebird931;male;1960;NZ
organicpanda221;female;1970;NZ
heavyrabbit461;female;1980;NZ
ticklishpanda695;male;1981;NZ
bigrabbit318;female;1975;NZ
goldenfrog128;male;1955;NZ
blackmouse191;female;1949;NZ
silverladybug432;male;1977;NZ
bluefish768;male;1963;NZ
yellowdog405;male;1971;NZ
goldenpanda241;female;1960;NZ
blacktiger725;male;1986;NZ
yellowfrog916;male;1994;NZ
bigcat942;male;1988;NZ
whitefrog208;female;1950;NZ
blacktiger951;female;1977;NZ
whitepanda963;female;1948;NZ
whiteleopard147;male;1964;NZ
blackdog700;female;1961;NZ
orangepanda897;female;1990;NZ
bigsnake633;male;1988;NZ
redmeercat518;female;1946;NZ
smalltiger103;male;1958;NZ
greenmouse449;male;1960;NZ
smallostrich302;male;1963;NZ
bluepanda289;male;1973;NZ
brownfrog721;male;1972;NZ
bigpeacock783;female;1960;NZ
ticklishbutterfly774;female;1966;NZ
bluepanda910;male;1954;NZ
purplewolf914;female;1959;NZ
whitebird702;female;1971;NZ
beautifulkoala275;male;1948;NZ
crazypeacock922;male;1986;NZ
lazyleopard115;male;1963;NZ
whitegoose131;male;1985;NZ
blackmouse193;female;1978;NZ
blackdog972;female;1981;NZ
brownbutterfly979;female;1982;NZ
crazyostrich221;female;1981;NZ
purplekoala718;male;1994;NZ
ticklishmeercat593;male;1981;NZ
organicelephant330;female;1955;NZ
beautifultiger523;female;1971;NZ
ticklishbutterfly634;female;1983;NZ
orangesnake924;male;1954;NZ
beautifulkoala486;male;1983;NZ
purplepeacock194;male;1945;NZ
crazyswan936;male;1954;NZ
ticklishleopard915;male;1955;NZ
silverswan395;female;1955;NZ
smallladybug608;female;1988;NZ
yellowwolf346;male;1973;NZ
redmouse463;female;1984;NZ
brownrabbit487;female;1962;NZ
silverpanda138;female;1970;NZ
bluebutterfly345;male;1952;NZ
organickoala594;female;1966;NZ
greenfrog824;female;1984;NZ
browntiger973;male;1961;NZ
ticklishelephant581;female;1953;NZ
blueostrich765;female;1960;NZ
greenladybug640;male;1961;NZ
redgorilla256;male;1984;NZ
beautifullion648;male;1983;NZ
whitebutterfly158;female;1947;NZ
greengoose592;female;1969;NZ
blackleopard956;male;1975;NZ
ticklishleopard791;female;1972;NZ
smallbird371;male;1969;NZ
browncat553;male;1949;NZ
redfrog113;male;1990;NZ
brownrabbit301;male;1979;NZ
purplebear924;female;1963;NZ
bluepeacock659;female;1971;NZ
lazypanda946;male;1949;NZ
smallfrog803;male;1986;NZ
ticklishwolf362;female;1982;NZ
brownkoala994;male;1965;NZ
smallostrich551;male;1968;NZ
blacktiger652;male;1949;NZ
goldenpeacock216;male;1989;NZ
organicfish758;female;1976;NZ
heavygorilla478;male;1967;NZ
organicswan896;female;1959;NZ
tinyswan298;female;1944;NZ
purpledog508;male;1957;NZ
yellowgoose375;female;1967;NZ
organicbutterfly535;female;1978;NZ
yellowelephant341;female;1961;NZ
silverlion651;male;1989;NZ
greencat705;male;1951;NZ
redcat566;male;1977;NZ
heavywolf204;male;1989;NZ
purpleostrich753;male;1961;NZ
yellowelephant854;female;1960;NZ
purpledog219;male;1959;NZ
tinymouse326;male;1954;NZ
heavygorilla759;male;1958;NZ
yellowpeacock886;male;1986;NZ
ticklishladybug861;female;1987;NZ
bigtiger662;male;1962;NZ
yellowdog232;female;1945;NZ
lazylion227;male;1982;NZ
greenduck624;male;1961;NZ
organicleopard836;female;1968;NZ
crazykoala869;female;1976;NZ
organicbutterfly110;female;1987;NZ
lazydog217;female;1970;NZ
yellowdog356;female;1944;NZ
brownswan618;female;1994;NZ
beautifulgoose410;male;1974;NZ
tinygorilla720;female;1968;NZ
yellowgoose134;male;1960;NZ
ticklishbutterfly980;male;1980;NZ
heavymeercat903;male;1964;NZ
ticklishlion291;female;1948;NZ
beautifulleopard983;male;1947;NZ
smallmouse857;female;1966;NZ
bigmouse857;male;1964;NZ
brownlion870;female;1995;NZ
bigwolf660;female;1977;NZ
organicpeacock632;female;1954;NZ
yellowmouse561;male;1949;NZ
tinywolf794;female;1970;NZ
goldenkoala936;male;1963;NZ
greenfish663;male;1973;NZ
heavymeercat848;female;1975;NZ
lazybear526;female;1973;NZ
yellowmouse974;female;1961;NZ
heavyswan339;female;1972;NZ
silverleopard117;female;1961;NZ
yellowbutterfly589;female;1986;NZ
purplegorilla689;female;1986;NZ
heavygoose362;male;1974;NZ
beautifulswan517;male;1945;NZ
whiteswan592;female;1961;NZ
beautifuldog573;female;1955;NZ
purplebear919;male;1945;NZ
orangeostrich953;female;1965;NZ
brownswan255;female;1962;NZ
smallwolf672;female;1984;NZ
goldenbird124;male;1947;NZ
tinyostrich449;female;1980;NZ
blackkoala354;male;1993;US
organicmouse170;male;1993;US
yellowmeercat396;male;1987;US
organicfish904;female;1982;US
crazybird135;female;1978;US
yellowpeacock105;male;1951;US
smalldog788;female;1983;US
smalldog613;male;1962;US
blackduck206;male;1972;US
purplecat569;female;1995;US
ticklishleopard551;male;1981;US
lazypanda631;female;1959;US
heavycat508;male;1982;US
bigleopard508;female;1950;US
heavygorilla132;female;1952;US
crazybear499;male;1977;US
whitefish176;female;1972;US
silverleopard992;female;1983;US
beautifulsnake179;female;1947;US
blackostrich234;male;1974;US
bluewolf909;female;1988;US
beautifulbear872;female;1979;US
ticklishtiger412;male;1986;US
yellowgorilla239;female;1984;US
whitebear355;male;1976;US
greengorilla165;female;1971;US
bigduck370;female;1984;US
smalltiger145;female;1960;US
yellowswan443;female;1983;US
redladybug255;male;1978;US
blackfish229;female;1967;US
beautifulfish897;female;1968;US
organicpeacock172;male;1950;US
blackpeacock722;male;1972;US
crazyfish121;female;1946;US
organicladybug589;female;1946;US
tinyleopard683;female;1978;US
ticklishdog806;male;1962;US
purplefish205;male;1951;US
tinyfish535;male;1985;US
yellowlion826;male;1970;US
orangebird452;male;1956;US
lazymeercat884;male;1952;US
purplerabbit607;male;1974;US
greenladybug417;male;1962;US
blackfrog411;male;1964;US
bigduck371;female;1981;US
crazybird343;female;1978;US
beautifulbutterfly652;male;1987;US
bluedog133;male;1978;US
heavycat955;female;1990;US
organicgoose366;male;1956;US
tinyswan321;female;1986;US
whitemeercat228;female;1959;US
bluekoala870;male;1975;US
lazybird419;male;1985;US
ticklishlion936;female;1990;US
silverostrich987;female;1958;US
beautifulwolf992;female;1985;US
whiteostrich635;female;1986;US
heavyfish275;female;1958;US
bigcat174;male;1960;US
tinybutterfly130;female;1954;US
redpanda852;male;1981;US
beautifulfrog197;male;1959;US
purpleostrich207;female;1956;US
blackgorilla797;female;1986;US
bluemouse374;male;1983;US
heavyladybug263;female;1986;US
blackelephant112;female;1974;US
redfrog603;male;1987;US
silvermeercat593;female;1983;US
browngoose127;male;1988;US
lazyleopard661;female;1949;US
brownfrog717;male;1951;US
goldenduck654;female;1971;US
organicbear803;male;1966;US
brownbutterfly326;male;1994;US
organicmeercat617;male;1951;US
redelephant129;male;1948;US
beautifulladybug906;male;1977;US
purplebird514;female;1949;US
lazyrabbit179;female;1969;US
ticklishbutterfly192;male;1994;US
tinyswan935;male;1958;US
bluegoose749;female;1972;US
silvercat966;male;1991;US
greendog894;male;1958;US
beautifulostrich557;female;1959;US
blackelephant921;male;1961;US
beautifultiger451;male;1985;US
smallpanda224;male;1960;US
lazyfrog334;male;1952;US
silverladybug642;female;1971;US
lazypanda402;female;1972;US
crazygorilla625;female;1994;US
ticklishduck349;male;1965;US
goldengorilla438;male;1960;US
whitetiger285;male;1986;US
tinycat228;female;1954;US
bluelion735;female;1974;US
beautifulbear604;female;1991;US
goldenpanda841;female;1988;US
crazytiger416;female;1989;US
ticklishsnake307;male;1972;US
redtiger500;female;1969;US
organicduck119;female;1954;US
bluesnake318;female;1954;US
goldenbutterfly217;male;1964;US
tinydog152;female;1956;US
lazycat893;male;1951;US
organicswan965;female;1992;US
brownlion899;male;1966;US
goldenpeacock329;female;1953;US
beautifulswan805;female;1945;US
crazytiger439;male;1962;US
crazyswan145;female;1986;US
smallladybug741;male;1981;US
organictiger244;male;1949;US
blackladybug462;male;1977;US
orangeduck653;female;1993;US
purplepeacock326;male;1982;US
bigelephant422;female;1994;US
whitetiger100;male;1961;US
ticklishbutterfly267;male;1962;US
bluemeercat433;female;1984;US
brownladybug750;female;1985;US
bigtiger330;female;1991;US
smallcat424;male;1991;US
organicduck140;male;1985;US
purplefish773;female;1983;US
smallmouse849;male;1969;US
organicswan240;female;1987;US
tinybear212;female;1981;US
purplemouse972;male;1956;US
tinyostrich258;male;1953;US
bigfish550;male;1975;US
lazygorilla710;male;1952;US
goldengoose998;male;1965;US
bigbird709;female;1960;US
lazyswan570;female;1992;US
yellowdog443;female;1983;US
heavygoose165;male;1981;US
blackpeacock490;male;1982;US
smallsnake525;male;1982;US
purplebird686;female;1958;US
smallduck265;female;1955;US
bigduck801;male;1959;US
brownbird243;female;1947;US
smallostrich500;male;1946;US
lazyrabbit616;female;1959;US
silverduck335;male;1986;US
orangegorilla738;male;1955;US
redfish580;female;1965;US
bluebird845;male;1955;US
yellowgoose506;male;1985;US
smallsnake429;male;1979;US
browngorilla366;male;1952;US
tinybird204;male;1983;US
blacktiger189;male;1945;US
browngoose617;male;1979;US
redelephant427;female;1953;US
heavysnake546;female;1957;US
silverkoala568;male;1952;US
whitemouse857;male;1971;US
blackostrich930;male;1994;US
purplegoose263;female;1973;US
organicbutterfly606;male;1944;US
tinybear545;female;1969;US
yellowmeercat448;female;1993;US
silverostrich984;male;1992;US
ticklishkoala703;female;1978;US
brownmouse408;female;1986;US
goldenduck509;male;1965;US
blackbird629;female;1994;US
bigfrog455;male;1985;US
yellowcat662;male;1979;US
heavybear470;female;1992;US
orangebird397;female;1966;US
bigostrich621;male;1974;US
heavygorilla568;male;1994;US
yellowpeacock287;female;1963;US
ticklishpeacock623;male;1984;US
blackelephant134;male;1979;US
smallgoose652;female;1955;US
tinyrabbit971;male;1991;US
yellowpeacock710;male;1981;US
whitemouse858;female;1951;US
beautifulladybug645;female;1956;US
silvermouse412;male;1968;US
tinyladybug733;female;1971;US
heavyswan262;male;1947;US
beautifultiger927;male;1983;US
redbutterfly322;female;1966;US
yellowmeercat444;female;1974;US
lazypeacock376;male;1966;US
bigleopard595;male;1995;US
heavydog569;male;1982;US
crazytiger587;male;1984;US
blackpeacock663;female;1967;US
